day,current_day,day-1,day-2,day-3,day-4,day-5,day-6,day-7,is_weekend,month
2015-05-08,370,227.0,325.0,250.0,336.0,293.0,298.0,324.0,False,5
2015-05-09,320,370.0,227.0,325.0,250.0,336.0,293.0,298.0,True,5
2015-05-10,394,320.0,370.0,227.0,325.0,250.0,336.0,293.0,True,5
2015-05-11,347,394.0,320.0,370.0,227.0,325.0,250.0,336.0,False,5
2015-05-12,416,347.0,394.0,320.0,370.0,227.0,325.0,250.0,False,5
2015-05-13,362,416.0,347.0,394.0,320.0,370.0,227.0,325.0,False,5
2015-05-14,362,362.0,416.0,347.0,394.0,320.0,370.0,227.0,False,5
2015-05-15,434,362.0,362.0,416.0,347.0,394.0,320.0,370.0,False,5
2015-05-16,366,434.0,362.0,362.0,416.0,347.0,394.0,320.0,True,5
2015-05-17,353,366.0,434.0,362.0,362.0,416.0,347.0,394.0,True,5
2015-05-18,307,353.0,366.0,434.0,362.0,362.0,416.0,347.0,False,5
2015-05-19,292,307.0,353.0,366.0,434.0,362.0,362.0,416.0,False,5
2015-05-20,323,292.0,307.0,353.0,366.0,434.0,362.0,362.0,False,5
2015-05-21,371,323.0,292.0,307.0,353.0,366.0,434.0,362.0,False,5
2015-05-22,309,371.0,323.0,292.0,307.0,353.0,366.0,434.0,False,5
2015-05-23,342,309.0,371.0,323.0,292.0,307.0,353.0,366.0,True,5
2015-05-24,384,342.0,309.0,371.0,323.0,292.0,307.0,353.0,True,5
2015-05-25,425,384.0,342.0,309.0,371.0,323.0,292.0,307.0,False,5
2015-05-26,288,425.0,384.0,342.0,309.0,371.0,323.0,292.0,False,5
2015-05-27,306,288.0,425.0,384.0,342.0,309.0,371.0,323.0,False,5
2015-05-28,394,306.0,288.0,425.0,384.0,342.0,309.0,371.0,False,5
2015-05-29,365,394.0,306.0,288.0,425.0,384.0,342.0,309.0,False,5
2015-05-30,325,365.0,394.0,306.0,288.0,425.0,384.0,342.0,True,5
2015-05-31,353,325.0,365.0,394.0,306.0,288.0,425.0,384.0,True,5
2015-06-01,616,353.0,325.0,365.0,394.0,306.0,288.0,425.0,False,6
2015-06-02,625,616.0,353.0,325.0,365.0,394.0,306.0,288.0,False,6
2015-06-03,643,625.0,616.0,353.0,325.0,365.0,394.0,306.0,False,6
2015-06-04,758,643.0,625.0,616.0,353.0,325.0,365.0,394.0,False,6
2015-06-05,841,758.0,643.0,625.0,616.0,353.0,325.0,365.0,False,6
2015-06-06,866,841.0,758.0,643.0,625.0,616.0,353.0,325.0,True,6
2015-06-07,803,866.0,841.0,758.0,643.0,625.0,616.0,353.0,True,6
2015-06-08,728,803.0,866.0,841.0,758.0,643.0,625.0,616.0,False,6
2015-06-09,669,728.0,803.0,866.0,841.0,758.0,643.0,625.0,False,6
2015-06-10,890,669.0,728.0,803.0,866.0,841.0,758.0,643.0,False,6
2015-06-11,718,890.0,669.0,728.0,803.0,866.0,841.0,758.0,False,6
2015-06-12,877,718.0,890.0,669.0,728.0,803.0,866.0,841.0,False,6
2015-06-13,855,877.0,718.0,890.0,669.0,728.0,803.0,866.0,True,6
2015-06-14,890,855.0,877.0,718.0,890.0,669.0,728.0,803.0,True,6
2015-06-15,907,890.0,855.0,877.0,718.0,890.0,669.0,728.0,False,6
2015-06-16,969,907.0,890.0,855.0,877.0,718.0,890.0,669.0,False,6
2015-06-17,755,969.0,907.0,890.0,855.0,877.0,718.0,890.0,False,6
2015-06-18,738,755.0,969.0,907.0,890.0,855.0,877.0,718.0,False,6
2015-06-19,812,738.0,755.0,969.0,907.0,890.0,855.0,877.0,False,6
2015-06-20,1052,812.0,738.0,755.0,969.0,907.0,890.0,855.0,True,6
2015-06-21,1030,1052.0,812.0,738.0,755.0,969.0,907.0,890.0,True,6
2015-06-22,869,1030.0,1052.0,812.0,738.0,755.0,969.0,907.0,False,6
2015-06-23,942,869.0,1030.0,1052.0,812.0,738.0,755.0,969.0,False,6
2015-06-24,963,942.0,869.0,1030.0,1052.0,812.0,738.0,755.0,False,6
2015-06-25,971,963.0,942.0,869.0,1030.0,1052.0,812.0,738.0,False,6
2015-06-26,873,971.0,963.0,942.0,869.0,1030.0,1052.0,812.0,False,6
2015-06-27,890,873.0,971.0,963.0,942.0,869.0,1030.0,1052.0,True,6
2015-06-28,895,890.0,873.0,971.0,963.0,942.0,869.0,1030.0,True,6
2015-06-29,978,895.0,890.0,873.0,971.0,963.0,942.0,869.0,False,6
2015-06-30,856,978.0,895.0,890.0,873.0,971.0,963.0,942.0,False,6
2015-07-01,1179,856.0,978.0,895.0,890.0,873.0,971.0,963.0,False,7
2015-07-02,1057,1179.0,856.0,978.0,895.0,890.0,873.0,971.0,False,7
2015-07-03,1485,1057.0,1179.0,856.0,978.0,895.0,890.0,873.0,False,7
2015-07-04,1556,1485.0,1057.0,1179.0,856.0,978.0,895.0,890.0,True,7
2015-07-05,1615,1556.0,1485.0,1057.0,1179.0,856.0,978.0,895.0,True,7
2015-07-06,1154,1615.0,1556.0,1485.0,1057.0,1179.0,856.0,978.0,False,7
2015-07-07,1220,1154.0,1615.0,1556.0,1485.0,1057.0,1179.0,856.0,False,7
2015-07-08,1255,1220.0,1154.0,1615.0,1556.0,1485.0,1057.0,1179.0,False,7
2015-07-09,1155,1255.0,1220.0,1154.0,1615.0,1556.0,1485.0,1057.0,False,7
2015-07-10,1411,1155.0,1255.0,1220.0,1154.0,1615.0,1556.0,1485.0,False,7
2015-07-11,1707,1411.0,1155.0,1255.0,1220.0,1154.0,1615.0,1556.0,True,7
2015-07-12,1460,1707.0,1411.0,1155.0,1255.0,1220.0,1154.0,1615.0,True,7
2015-07-13,1223,1460.0,1707.0,1411.0,1155.0,1255.0,1220.0,1154.0,False,7
2015-07-14,1067,1223.0,1460.0,1707.0,1411.0,1155.0,1255.0,1220.0,False,7
2015-07-15,823,1067.0,1223.0,1460.0,1707.0,1411.0,1155.0,1255.0,False,7
2015-07-16,1041,823.0,1067.0,1223.0,1460.0,1707.0,1411.0,1155.0,False,7
2015-07-17,1552,1041.0,823.0,1067.0,1223.0,1460.0,1707.0,1411.0,False,7
2015-07-18,1331,1552.0,1041.0,823.0,1067.0,1223.0,1460.0,1707.0,True,7
2015-07-19,1338,1331.0,1552.0,1041.0,823.0,1067.0,1223.0,1460.0,True,7
2015-07-20,1158,1338.0,1331.0,1552.0,1041.0,823.0,1067.0,1223.0,False,7
2015-07-21,1073,1158.0,1338.0,1331.0,1552.0,1041.0,823.0,1067.0,False,7
2015-07-22,1038,1073.0,1158.0,1338.0,1331.0,1552.0,1041.0,823.0,False,7
2015-07-23,1333,1038.0,1073.0,1158.0,1338.0,1331.0,1552.0,1041.0,False,7
2015-07-24,1527,1333.0,1038.0,1073.0,1158.0,1338.0,1331.0,1552.0,False,7
2015-07-25,1281,1527.0,1333.0,1038.0,1073.0,1158.0,1338.0,1331.0,True,7
2015-07-26,1481,1281.0,1527.0,1333.0,1038.0,1073.0,1158.0,1338.0,True,7
2015-07-27,1118,1481.0,1281.0,1527.0,1333.0,1038.0,1073.0,1158.0,False,7
2015-07-28,1011,1118.0,1481.0,1281.0,1527.0,1333.0,1038.0,1073.0,False,7
2015-07-29,1093,1011.0,1118.0,1481.0,1281.0,1527.0,1333.0,1038.0,False,7
2015-07-30,1203,1093.0,1011.0,1118.0,1481.0,1281.0,1527.0,1333.0,False,7
2015-07-31,1573,1203.0,1093.0,1011.0,1118.0,1481.0,1281.0,1527.0,False,7
2015-08-01,1217,1573.0,1203.0,1093.0,1011.0,1118.0,1481.0,1281.0,True,8
2015-08-02,1190,1217.0,1573.0,1203.0,1093.0,1011.0,1118.0,1481.0,True,8
2015-08-03,1064,1190.0,1217.0,1573.0,1203.0,1093.0,1011.0,1118.0,False,8
2015-08-04,1032,1064.0,1190.0,1217.0,1573.0,1203.0,1093.0,1011.0,False,8
2015-08-05,829,1032.0,1064.0,1190.0,1217.0,1573.0,1203.0,1093.0,False,8
2015-08-06,917,829.0,1032.0,1064.0,1190.0,1217.0,1573.0,1203.0,False,8
2015-08-07,1261,917.0,829.0,1032.0,1064.0,1190.0,1217.0,1573.0,False,8
2015-08-08,1101,1261.0,917.0,829.0,1032.0,1064.0,1190.0,1217.0,True,8
2015-08-09,1229,1101.0,1261.0,917.0,829.0,1032.0,1064.0,1190.0,True,8
2015-08-10,1085,1229.0,1101.0,1261.0,917.0,829.0,1032.0,1064.0,False,8
2015-08-11,1112,1085.0,1229.0,1101.0,1261.0,917.0,829.0,1032.0,False,8
2015-08-12,981,1112.0,1085.0,1229.0,1101.0,1261.0,917.0,829.0,False,8
2015-08-13,710,981.0,1112.0,1085.0,1229.0,1101.0,1261.0,917.0,False,8
2015-08-14,1040,710.0,981.0,1112.0,1085.0,1229.0,1101.0,1261.0,False,8
2015-08-15,1040,1040.0,710.0,981.0,1112.0,1085.0,1229.0,1101.0,True,8
2015-08-16,1082,1040.0,1040.0,710.0,981.0,1112.0,1085.0,1229.0,True,8
2015-08-17,880,1082.0,1040.0,1040.0,710.0,981.0,1112.0,1085.0,False,8
2015-08-18,978,880.0,1082.0,1040.0,1040.0,710.0,981.0,1112.0,False,8
2015-08-19,943,978.0,880.0,1082.0,1040.0,1040.0,710.0,981.0,False,8
2015-08-20,833,943.0,978.0,880.0,1082.0,1040.0,1040.0,710.0,False,8
2015-08-21,1060,833.0,943.0,978.0,880.0,1082.0,1040.0,1040.0,False,8
2015-08-22,1025,1060.0,833.0,943.0,978.0,880.0,1082.0,1040.0,True,8
2015-08-23,1066,1025.0,1060.0,833.0,943.0,978.0,880.0,1082.0,True,8
2015-08-24,1051,1066.0,1025.0,1060.0,833.0,943.0,978.0,880.0,False,8
2015-08-25,992,1051.0,1066.0,1025.0,1060.0,833.0,943.0,978.0,False,8
2015-08-26,1101,992.0,1051.0,1066.0,1025.0,1060.0,833.0,943.0,False,8
2015-08-27,930,1101.0,992.0,1051.0,1066.0,1025.0,1060.0,833.0,False,8
2015-08-28,1038,930.0,1101.0,992.0,1051.0,1066.0,1025.0,1060.0,False,8
2015-08-29,943,1038.0,930.0,1101.0,992.0,1051.0,1066.0,1025.0,True,8
2015-08-30,1157,943.0,1038.0,930.0,1101.0,992.0,1051.0,1066.0,True,8
2015-08-31,958,1157.0,943.0,1038.0,930.0,1101.0,992.0,1051.0,False,8
2015-09-01,925,958.0,1157.0,943.0,1038.0,930.0,1101.0,992.0,False,9
2015-09-02,699,925.0,958.0,1157.0,943.0,1038.0,930.0,1101.0,False,9
2015-09-03,727,699.0,925.0,958.0,1157.0,943.0,1038.0,930.0,False,9
2015-09-04,968,727.0,699.0,925.0,958.0,1157.0,943.0,1038.0,False,9
2015-09-05,907,968.0,727.0,699.0,925.0,958.0,1157.0,943.0,True,9
2015-09-06,776,907.0,968.0,727.0,699.0,925.0,958.0,1157.0,True,9
2015-09-07,713,776.0,907.0,968.0,727.0,699.0,925.0,958.0,False,9
2015-09-08,621,713.0,776.0,907.0,968.0,727.0,699.0,925.0,False,9
2015-09-09,787,621.0,713.0,776.0,907.0,968.0,727.0,699.0,False,9
2015-09-10,648,787.0,621.0,713.0,776.0,907.0,968.0,727.0,False,9
2015-09-11,828,648.0,787.0,621.0,713.0,776.0,907.0,968.0,False,9
2015-09-12,848,828.0,648.0,787.0,621.0,713.0,776.0,907.0,True,9
2015-09-13,835,848.0,828.0,648.0,787.0,621.0,713.0,776.0,True,9
2015-09-14,719,835.0,848.0,828.0,648.0,787.0,621.0,713.0,False,9
2015-09-15,800,719.0,835.0,848.0,828.0,648.0,787.0,621.0,False,9
2015-09-16,653,800.0,719.0,835.0,848.0,828.0,648.0,787.0,False,9
2015-09-17,783,653.0,800.0,719.0,835.0,848.0,828.0,648.0,False,9
2015-09-18,724,783.0,653.0,800.0,719.0,835.0,848.0,828.0,False,9
2015-09-19,863,724.0,783.0,653.0,800.0,719.0,835.0,848.0,True,9
2015-09-20,957,863.0,724.0,783.0,653.0,800.0,719.0,835.0,True,9
2015-09-21,640,957.0,863.0,724.0,783.0,653.0,800.0,719.0,False,9
2015-09-22,643,640.0,957.0,863.0,724.0,783.0,653.0,800.0,False,9
2015-09-23,694,643.0,640.0,957.0,863.0,724.0,783.0,653.0,False,9
2015-09-24,661,694.0,643.0,640.0,957.0,863.0,724.0,783.0,False,9
2015-09-25,863,661.0,694.0,643.0,640.0,957.0,863.0,724.0,False,9
2015-09-26,735,863.0,661.0,694.0,643.0,640.0,957.0,863.0,True,9
2015-09-27,724,735.0,863.0,661.0,694.0,643.0,640.0,957.0,True,9
2015-09-28,735,724.0,735.0,863.0,661.0,694.0,643.0,640.0,False,9
2015-09-29,703,735.0,724.0,735.0,863.0,661.0,694.0,643.0,False,9
2015-09-30,728,703.0,735.0,724.0,735.0,863.0,661.0,694.0,False,9
2015-10-01,431,728.0,703.0,735.0,724.0,735.0,863.0,661.0,False,10
2015-10-02,282,431.0,728.0,703.0,735.0,724.0,735.0,863.0,False,10
2015-10-03,408,282.0,431.0,728.0,703.0,735.0,724.0,735.0,True,10
2015-10-04,336,408.0,282.0,431.0,728.0,703.0,735.0,724.0,True,10
2015-10-05,246,336.0,408.0,282.0,431.0,728.0,703.0,735.0,False,10
2015-10-06,207,246.0,336.0,408.0,282.0,431.0,728.0,703.0,False,10
2015-10-07,216,207.0,246.0,336.0,408.0,282.0,431.0,728.0,False,10
2015-10-08,279,216.0,207.0,246.0,336.0,408.0,282.0,431.0,False,10
2015-10-09,225,279.0,216.0,207.0,246.0,336.0,408.0,282.0,False,10
2015-10-10,219,225.0,279.0,216.0,207.0,246.0,336.0,408.0,True,10
2015-10-11,238,219.0,225.0,279.0,216.0,207.0,246.0,336.0,True,10
2015-10-12,242,238.0,219.0,225.0,279.0,216.0,207.0,246.0,False,10
2015-10-13,284,242.0,238.0,219.0,225.0,279.0,216.0,207.0,False,10
2015-10-14,248,284.0,242.0,238.0,219.0,225.0,279.0,216.0,False,10
2015-10-15,268,248.0,284.0,242.0,238.0,219.0,225.0,279.0,False,10
2015-10-16,230,268.0,248.0,284.0,242.0,238.0,219.0,225.0,False,10
2015-10-17,325,230.0,268.0,248.0,284.0,242.0,238.0,219.0,True,10
2015-10-18,276,325.0,230.0,268.0,248.0,284.0,242.0,238.0,True,10
2015-10-19,168,276.0,325.0,230.0,268.0,248.0,284.0,242.0,False,10
2015-10-20,223,168.0,276.0,325.0,230.0,268.0,248.0,284.0,False,10
2015-10-21,198,223.0,168.0,276.0,325.0,230.0,268.0,248.0,False,10
2015-10-22,272,198.0,223.0,168.0,276.0,325.0,230.0,268.0,False,10
2015-10-23,274,272.0,198.0,223.0,168.0,276.0,325.0,230.0,False,10
2015-10-24,211,274.0,272.0,198.0,223.0,168.0,276.0,325.0,True,10
2015-10-25,288,211.0,274.0,272.0,198.0,223.0,168.0,276.0,True,10
2015-10-26,279,288.0,211.0,274.0,272.0,198.0,223.0,168.0,False,10
2015-10-27,210,279.0,288.0,211.0,274.0,272.0,198.0,223.0,False,10
2015-10-28,221,210.0,279.0,288.0,211.0,274.0,272.0,198.0,False,10
2015-10-29,221,221.0,210.0,279.0,288.0,211.0,274.0,272.0,False,10
2015-10-30,218,221.0,221.0,210.0,279.0,288.0,211.0,274.0,False,10
2015-10-31,365,218.0,221.0,221.0,210.0,279.0,288.0,211.0,True,10
2015-11-01,141,365.0,218.0,221.0,221.0,210.0,279.0,288.0,True,11
2015-11-02,88,141.0,365.0,218.0,221.0,221.0,210.0,279.0,False,11
2015-11-03,111,88.0,141.0,365.0,218.0,221.0,221.0,210.0,False,11
2015-11-04,67,111.0,88.0,141.0,365.0,218.0,221.0,221.0,False,11
2015-11-05,135,67.0,111.0,88.0,141.0,365.0,218.0,221.0,False,11
2015-11-06,158,135.0,67.0,111.0,88.0,141.0,365.0,218.0,False,11
2015-11-07,67,158.0,135.0,67.0,111.0,88.0,141.0,365.0,True,11
2015-11-08,166,67.0,158.0,135.0,67.0,111.0,88.0,141.0,True,11
2015-11-09,82,166.0,67.0,158.0,135.0,67.0,111.0,88.0,False,11
2015-11-10,137,82.0,166.0,67.0,158.0,135.0,67.0,111.0,False,11
2015-11-11,164,137.0,82.0,166.0,67.0,158.0,135.0,67.0,False,11
2015-11-12,125,164.0,137.0,82.0,166.0,67.0,158.0,135.0,False,11
2015-11-13,115,125.0,164.0,137.0,82.0,166.0,67.0,158.0,False,11
2015-11-14,153,115.0,125.0,164.0,137.0,82.0,166.0,67.0,True,11
2015-11-15,142,153.0,115.0,125.0,164.0,137.0,82.0,166.0,True,11
2015-11-16,176,142.0,153.0,115.0,125.0,164.0,137.0,82.0,False,11
2015-11-17,135,176.0,142.0,153.0,115.0,125.0,164.0,137.0,False,11
2015-11-18,74,135.0,176.0,142.0,153.0,115.0,125.0,164.0,False,11
2015-11-19,133,74.0,135.0,176.0,142.0,153.0,115.0,125.0,False,11
2015-11-20,83,133.0,74.0,135.0,176.0,142.0,153.0,115.0,False,11
2015-11-21,113,83.0,133.0,74.0,135.0,176.0,142.0,153.0,True,11
2015-11-22,125,113.0,83.0,133.0,74.0,135.0,176.0,142.0,True,11
2015-11-23,137,125.0,113.0,83.0,133.0,74.0,135.0,176.0,False,11
2015-11-24,143,137.0,125.0,113.0,83.0,133.0,74.0,135.0,False,11
2015-11-25,159,143.0,137.0,125.0,113.0,83.0,133.0,74.0,False,11
2015-11-26,129,159.0,143.0,137.0,125.0,113.0,83.0,133.0,False,11
2015-11-27,76,129.0,159.0,143.0,137.0,125.0,113.0,83.0,False,11
2015-11-28,129,76.0,129.0,159.0,143.0,137.0,125.0,113.0,True,11
2015-11-29,197,129.0,76.0,129.0,159.0,143.0,137.0,125.0,True,11
2015-11-30,156,197.0,129.0,76.0,129.0,159.0,143.0,137.0,False,11
2015-12-01,96,156.0,197.0,129.0,76.0,129.0,159.0,143.0,False,12
2015-12-02,109,96.0,156.0,197.0,129.0,76.0,129.0,159.0,False,12
2015-12-03,163,109.0,96.0,156.0,197.0,129.0,76.0,129.0,False,12
2015-12-04,52,163.0,109.0,96.0,156.0,197.0,129.0,76.0,False,12
2015-12-05,91,52.0,163.0,109.0,96.0,156.0,197.0,129.0,True,12
2015-12-06,117,91.0,52.0,163.0,109.0,96.0,156.0,197.0,True,12
2015-12-07,61,117.0,91.0,52.0,163.0,109.0,96.0,156.0,False,12
2015-12-08,107,61.0,117.0,91.0,52.0,163.0,109.0,96.0,False,12
2015-12-09,69,107.0,61.0,117.0,91.0,52.0,163.0,109.0,False,12
2015-12-10,146,69.0,107.0,61.0,117.0,91.0,52.0,163.0,False,12
2015-12-11,70,146.0,69.0,107.0,61.0,117.0,91.0,52.0,False,12
2015-12-12,56,70.0,146.0,69.0,107.0,61.0,117.0,91.0,True,12
2015-12-13,160,56.0,70.0,146.0,69.0,107.0,61.0,117.0,True,12
2015-12-14,100,160.0,56.0,70.0,146.0,69.0,107.0,61.0,False,12
2015-12-15,72,100.0,160.0,56.0,70.0,146.0,69.0,107.0,False,12
2015-12-16,148,72.0,100.0,160.0,56.0,70.0,146.0,69.0,False,12
2015-12-17,71,148.0,72.0,100.0,160.0,56.0,70.0,146.0,False,12
2015-12-18,87,71.0,148.0,72.0,100.0,160.0,56.0,70.0,False,12
2015-12-19,73,87.0,71.0,148.0,72.0,100.0,160.0,56.0,True,12
2015-12-20,92,73.0,87.0,71.0,148.0,72.0,100.0,160.0,True,12
2015-12-21,83,92.0,73.0,87.0,71.0,148.0,72.0,100.0,False,12
2015-12-22,56,83.0,92.0,73.0,87.0,71.0,148.0,72.0,False,12
2015-12-23,84,56.0,83.0,92.0,73.0,87.0,71.0,148.0,False,12
2015-12-24,53,84.0,56.0,83.0,92.0,73.0,87.0,71.0,False,12
2015-12-25,128,53.0,84.0,56.0,83.0,92.0,73.0,87.0,False,12
2015-12-26,111,128.0,53.0,84.0,56.0,83.0,92.0,73.0,True,12
2015-12-27,71,111.0,128.0,53.0,84.0,56.0,83.0,92.0,True,12
2015-12-28,81,71.0,111.0,128.0,53.0,84.0,56.0,83.0,False,12
2015-12-29,70,81.0,71.0,111.0,128.0,53.0,84.0,56.0,False,12
2015-12-30,80,70.0,81.0,71.0,111.0,128.0,53.0,84.0,False,12
2015-12-31,77,80.0,70.0,81.0,71.0,111.0,128.0,53.0,False,12
2016-01-01,74,77.0,80.0,70.0,81.0,71.0,111.0,128.0,False,1
2016-01-02,45,74.0,77.0,80.0,70.0,81.0,71.0,111.0,True,1
2016-01-03,99,45.0,74.0,77.0,80.0,70.0,81.0,71.0,True,1
2016-01-04,134,99.0,45.0,74.0,77.0,80.0,70.0,81.0,False,1
2016-01-05,43,134.0,99.0,45.0,74.0,77.0,80.0,70.0,False,1
2016-01-06,127,43.0,134.0,99.0,45.0,74.0,77.0,80.0,False,1
2016-01-07,141,127.0,43.0,134.0,99.0,45.0,74.0,77.0,False,1
2016-01-08,81,141.0,127.0,43.0,134.0,99.0,45.0,74.0,False,1
2016-01-09,162,81.0,141.0,127.0,43.0,134.0,99.0,45.0,True,1
2016-01-10,98,162.0,81.0,141.0,127.0,43.0,134.0,99.0,True,1
2016-01-11,59,98.0,162.0,81.0,141.0,127.0,43.0,134.0,False,1
2016-01-12,80,59.0,98.0,162.0,81.0,141.0,127.0,43.0,False,1
2016-01-13,131,80.0,59.0,98.0,162.0,81.0,141.0,127.0,False,1
2016-01-14,119,131.0,80.0,59.0,98.0,162.0,81.0,141.0,False,1
2016-01-15,129,119.0,131.0,80.0,59.0,98.0,162.0,81.0,False,1
2016-01-16,91,129.0,119.0,131.0,80.0,59.0,98.0,162.0,True,1
2016-01-17,127,91.0,129.0,119.0,131.0,80.0,59.0,98.0,True,1
2016-01-18,58,127.0,91.0,129.0,119.0,131.0,80.0,59.0,False,1
2016-01-19,148,58.0,127.0,91.0,129.0,119.0,131.0,80.0,False,1
2016-01-20,59,148.0,58.0,127.0,91.0,129.0,119.0,131.0,False,1
2016-01-21,127,59.0,148.0,58.0,127.0,91.0,129.0,119.0,False,1
2016-01-22,96,127.0,59.0,148.0,58.0,127.0,91.0,129.0,False,1
2016-01-23,51,96.0,127.0,59.0,148.0,58.0,127.0,91.0,True,1
2016-01-24,98,51.0,96.0,127.0,59.0,148.0,58.0,127.0,True,1
2016-01-25,107,98.0,51.0,96.0,127.0,59.0,148.0,58.0,False,1
2016-01-26,56,107.0,98.0,51.0,96.0,127.0,59.0,148.0,False,1
2016-01-27,126,56.0,107.0,98.0,51.0,96.0,127.0,59.0,False,1
2016-01-28,96,126.0,56.0,107.0,98.0,51.0,96.0,127.0,False,1
2016-01-29,55,96.0,126.0,56.0,107.0,98.0,51.0,96.0,False,1
2016-01-30,72,55.0,96.0,126.0,56.0,107.0,98.0,51.0,True,1
2016-01-31,82,72.0,55.0,96.0,126.0,56.0,107.0,98.0,True,1
2016-02-01,124,82.0,72.0,55.0,96.0,126.0,56.0,107.0,False,2
2016-02-02,148,124.0,82.0,72.0,55.0,96.0,126.0,56.0,False,2
2016-02-03,172,148.0,124.0,82.0,72.0,55.0,96.0,126.0,False,2
2016-02-04,129,172.0,148.0,124.0,82.0,72.0,55.0,96.0,False,2
2016-02-05,163,129.0,172.0,148.0,124.0,82.0,72.0,55.0,False,2
2016-02-06,141,163.0,129.0,172.0,148.0,124.0,82.0,72.0,True,2
2016-02-07,134,141.0,163.0,129.0,172.0,148.0,124.0,82.0,True,2
2016-02-08,118,134.0,141.0,163.0,129.0,172.0,148.0,124.0,False,2
2016-02-09,114,118.0,134.0,141.0,163.0,129.0,172.0,148.0,False,2
2016-02-10,130,114.0,118.0,134.0,141.0,163.0,129.0,172.0,False,2
2016-02-11,130,130.0,114.0,118.0,134.0,141.0,163.0,129.0,False,2
2016-02-12,130,130.0,130.0,114.0,118.0,134.0,141.0,163.0,False,2
2016-02-13,192,130.0,130.0,130.0,114.0,118.0,134.0,141.0,True,2
2016-02-14,207,192.0,130.0,130.0,130.0,114.0,118.0,134.0,True,2
2016-02-15,145,207.0,192.0,130.0,130.0,130.0,114.0,118.0,False,2
2016-02-16,151,145.0,207.0,192.0,130.0,130.0,130.0,114.0,False,2
2016-02-17,167,151.0,145.0,207.0,192.0,130.0,130.0,130.0,False,2
2016-02-18,107,167.0,151.0,145.0,207.0,192.0,130.0,130.0,False,2
2016-02-19,83,107.0,167.0,151.0,145.0,207.0,192.0,130.0,False,2
2016-02-20,152,83.0,107.0,167.0,151.0,145.0,207.0,192.0,True,2
2016-02-21,76,152.0,83.0,107.0,167.0,151.0,145.0,207.0,True,2
2016-02-22,159,76.0,152.0,83.0,107.0,167.0,151.0,145.0,False,2
2016-02-23,170,159.0,76.0,152.0,83.0,107.0,167.0,151.0,False,2
2016-02-24,102,170.0,159.0,76.0,152.0,83.0,107.0,167.0,False,2
2016-02-25,194,102.0,170.0,159.0,76.0,152.0,83.0,107.0,False,2
2016-02-26,112,194.0,102.0,170.0,159.0,76.0,152.0,83.0,False,2
2016-02-27,159,112.0,194.0,102.0,170.0,159.0,76.0,152.0,True,2
2016-02-28,185,159.0,112.0,194.0,102.0,170.0,159.0,76.0,True,2
2016-02-29,96,185.0,159.0,112.0,194.0,102.0,170.0,159.0,False,2
2016-03-01,167,96.0,185.0,159.0,112.0,194.0,102.0,170.0,False,3
2016-03-02,130,167.0,96.0,185.0,159.0,112.0,194.0,102.0,False,3
2016-03-03,98,130.0,167.0,96.0,185.0,159.0,112.0,194.0,False,3
2016-03-04,148,98.0,130.0,167.0,96.0,185.0,159.0,112.0,False,3
2016-03-05,215,148.0,98.0,130.0,167.0,96.0,185.0,159.0,True,3
2016-03-06,138,215.0,148.0,98.0,130.0,167.0,96.0,185.0,True,3
2016-03-07,113,138.0,215.0,148.0,98.0,130.0,167.0,96.0,False,3
2016-03-08,125,113.0,138.0,215.0,148.0,98.0,130.0,167.0,False,3
2016-03-09,185,125.0,113.0,138.0,215.0,148.0,98.0,130.0,False,3
2016-03-10,150,185.0,125.0,113.0,138.0,215.0,148.0,98.0,False,3
2016-03-11,117,150.0,185.0,125.0,113.0,138.0,215.0,148.0,False,3
2016-03-12,158,117.0,150.0,185.0,125.0,113.0,138.0,215.0,True,3
2016-03-13,198,158.0,117.0,150.0,185.0,125.0,113.0,138.0,True,3
2016-03-14,125,198.0,158.0,117.0,150.0,185.0,125.0,113.0,False,3
2016-03-15,158,125.0,198.0,158.0,117.0,150.0,185.0,125.0,False,3
2016-03-16,152,158.0,125.0,198.0,158.0,117.0,150.0,185.0,False,3
2016-03-17,161,152.0,158.0,125.0,198.0,158.0,117.0,150.0,False,3
2016-03-18,183,161.0,152.0,158.0,125.0,198.0,158.0,117.0,False,3
2016-03-19,140,183.0,161.0,152.0,158.0,125.0,198.0,158.0,True,3
2016-03-20,131,140.0,183.0,161.0,152.0,158.0,125.0,198.0,True,3
2016-03-21,159,131.0,140.0,183.0,161.0,152.0,158.0,125.0,False,3
2016-03-22,65,159.0,131.0,140.0,183.0,161.0,152.0,158.0,False,3
2016-03-23,142,65.0,159.0,131.0,140.0,183.0,161.0,152.0,False,3
2016-03-24,111,142.0,65.0,159.0,131.0,140.0,183.0,161.0,False,3
2016-03-25,120,111.0,142.0,65.0,159.0,131.0,140.0,183.0,False,3
2016-03-26,142,120.0,111.0,142.0,65.0,159.0,131.0,140.0,True,3
2016-03-27,156,142.0,120.0,111.0,142.0,65.0,159.0,131.0,True,3
2016-03-28,153,156.0,142.0,120.0,111.0,142.0,65.0,159.0,False,3
2016-03-29,121,153.0,156.0,142.0,120.0,111.0,142.0,65.0,False,3
2016-03-30,160,121.0,153.0,156.0,142.0,120.0,111.0,142.0,False,3
2016-03-31,134,160.0,121.0,153.0,156.0,142.0,120.0,111.0,False,3
2016-04-01,121,134.0,160.0,121.0,153.0,156.0,142.0,120.0,False,4
2016-04-02,163,121.0,134.0,160.0,121.0,153.0,156.0,142.0,True,4
2016-04-03,131,163.0,121.0,134.0,160.0,121.0,153.0,156.0,True,4
2016-04-04,187,131.0,163.0,121.0,134.0,160.0,121.0,153.0,False,4
2016-04-05,187,187.0,131.0,163.0,121.0,134.0,160.0,121.0,False,4
2016-04-06,189,187.0,187.0,131.0,163.0,121.0,134.0,160.0,False,4
2016-04-07,170,189.0,187.0,187.0,131.0,163.0,121.0,134.0,False,4
2016-04-08,106,170.0,189.0,187.0,187.0,131.0,163.0,121.0,False,4
2016-04-09,120,106.0,170.0,189.0,187.0,187.0,131.0,163.0,True,4
2016-04-10,140,120.0,106.0,170.0,189.0,187.0,187.0,131.0,True,4
2016-04-11,171,140.0,120.0,106.0,170.0,189.0,187.0,187.0,False,4
2016-04-12,178,171.0,140.0,120.0,106.0,170.0,189.0,187.0,False,4
2016-04-13,135,178.0,171.0,140.0,120.0,106.0,170.0,189.0,False,4
2016-04-14,138,135.0,178.0,171.0,140.0,120.0,106.0,170.0,False,4
2016-04-15,209,138.0,135.0,178.0,171.0,140.0,120.0,106.0,False,4
2016-04-16,176,209.0,138.0,135.0,178.0,171.0,140.0,120.0,True,4
2016-04-17,165,176.0,209.0,138.0,135.0,178.0,171.0,140.0,True,4
2016-04-18,120,165.0,176.0,209.0,138.0,135.0,178.0,171.0,False,4
2016-04-19,110,120.0,165.0,176.0,209.0,138.0,135.0,178.0,False,4
2016-04-20,127,110.0,120.0,165.0,176.0,209.0,138.0,135.0,False,4
2016-04-21,113,127.0,110.0,120.0,165.0,176.0,209.0,138.0,False,4
2016-04-22,133,113.0,127.0,110.0,120.0,165.0,176.0,209.0,False,4
2016-04-23,180,133.0,113.0,127.0,110.0,120.0,165.0,176.0,True,4
2016-04-24,211,180.0,133.0,113.0,127.0,110.0,120.0,165.0,True,4
2016-04-25,116,211.0,180.0,133.0,113.0,127.0,110.0,120.0,False,4
2016-04-26,120,116.0,211.0,180.0,133.0,113.0,127.0,110.0,False,4
2016-04-27,132,120.0,116.0,211.0,180.0,133.0,113.0,127.0,False,4
2016-04-28,132,132.0,120.0,116.0,211.0,180.0,133.0,113.0,False,4
2016-04-29,198,132.0,132.0,120.0,116.0,211.0,180.0,133.0,False,4
2016-04-30,160,198.0,132.0,132.0,120.0,116.0,211.0,180.0,True,4
2016-05-01,357,160.0,198.0,132.0,132.0,120.0,116.0,211.0,True,5
2016-05-02,266,357.0,160.0,198.0,132.0,132.0,120.0,116.0,False,5
2016-05-03,387,266.0,357.0,160.0,198.0,132.0,132.0,120.0,False,5
2016-05-04,252,387.0,266.0,357.0,160.0,198.0,132.0,132.0,False,5
2016-05-05,322,252.0,387.0,266.0,357.0,160.0,198.0,132.0,False,5
2016-05-06,385,322.0,252.0,387.0,266.0,357.0,160.0,198.0,False,5
2016-05-07,330,385.0,322.0,252.0,387.0,266.0,357.0,160.0,True,5
2016-05-08,264,330.0,385.0,322.0,252.0,387.0,266.0,357.0,True,5
2016-05-09,345,264.0,330.0,385.0,322.0,252.0,387.0,266.0,False,5
2016-05-10,434,345.0,264.0,330.0,385.0,322.0,252.0,387.0,False,5
2016-05-11,343,434.0,345.0,264.0,330.0,385.0,322.0,252.0,False,5
2016-05-12,362,343.0,434.0,345.0,264.0,330.0,385.0,322.0,False,5
2016-05-13,412,362.0,343.0,434.0,345.0,264.0,330.0,385.0,False,5
2016-05-14,330,412.0,362.0,343.0,434.0,345.0,264.0,330.0,True,5
2016-05-15,338,330.0,412.0,362.0,343.0,434.0,345.0,264.0,True,5
2016-05-16,303,338.0,330.0,412.0,362.0,343.0,434.0,345.0,False,5
2016-05-17,247,303.0,338.0,330.0,412.0,362.0,343.0,434.0,False,5
2016-05-18,280,247.0,303.0,338.0,330.0,412.0,362.0,343.0,False,5
2016-05-19,389,280.0,247.0,303.0,338.0,330.0,412.0,362.0,False,5
2016-05-20,494,389.0,280.0,247.0,303.0,338.0,330.0,412.0,False,5
2016-05-21,411,494.0,389.0,280.0,247.0,303.0,338.0,330.0,True,5
2016-05-22,378,411.0,494.0,389.0,280.0,247.0,303.0,338.0,True,5
2016-05-23,236,378.0,411.0,494.0,389.0,280.0,247.0,303.0,False,5
2016-05-24,358,236.0,378.0,411.0,494.0,389.0,280.0,247.0,False,5
2016-05-25,365,358.0,236.0,378.0,411.0,494.0,389.0,280.0,False,5
2016-05-26,250,365.0,358.0,236.0,378.0,411.0,494.0,389.0,False,5
2016-05-27,341,250.0,365.0,358.0,236.0,378.0,411.0,494.0,False,5
2016-05-28,335,341.0,250.0,365.0,358.0,236.0,378.0,411.0,True,5
2016-05-29,340,335.0,341.0,250.0,365.0,358.0,236.0,378.0,True,5
2016-05-30,317,340.0,335.0,341.0,250.0,365.0,358.0,236.0,False,5
2016-05-31,384,317.0,340.0,335.0,341.0,250.0,365.0,358.0,False,5
